Time_Sec,FPS,Detected_Person,Detected_Objects
2.0,11.5,[],[]
2.09,11.6,[],[]
2.16,13.5,[],[]
2.24,12.4,[],[]
2.35,9.6,[],[]
2.43,12.2,[],[]
2.52,10.4,[],[]
2.6,12.5,[],[]
2.68,12.6,[],[]
2.76,12.5,[],[]
2.84,12.4,[],[]
2.94,10.4,[],[]
3.04,10.5,[],[]
3.13,10.6,[],[]
3.23,10.3,[],[]
3.32,10.9,[],[]
3.4,12.7,[],[]
3.48,11.7,[],[]
3.56,12.4,[],[]
3.66,10.7,[],[]
3.74,12.3,[],[]
3.82,12.4,[],[]
3.9,12.4,[],[]
3.98,12.0,[],[]
4.06,13.1,[],[]
4.15,10.7,[],[]
4.24,12.3,[],[]
4.33,10.3,[],[]
4.41,12.5,[],[]
4.5,11.5,[],[]
4.57,13.7,[],[]
4.67,10.8,[],[]
4.75,12.2,[],[]
4.84,10.4,[],[]
4.93,12.2,[],[]
5.02,10.6,[],[]
5.1,12.4,[],[]
5.19,11.4,[],[]
5.26,13.9,[],[]
5.35,10.7,[],[]
5.43,12.4,[],[]
5.53,10.8,[],[]
5.61,11.6,[],[]
5.7,11.3,[],[]
5.77,14.1,[],[]
5.85,12.4,[],[]
5.93,12.5,[],[]
6.01,12.4,[],[]
6.1,11.3,[],[]
6.17,14.1,[],[]
6.25,12.5,[],[]
6.35,10.6,[],[]
6.43,12.3,[],[]
6.51,12.5,[],[]
6.59,12.5,[],[]
6.68,11.4,[],[]
6.75,13.8,[],[]
6.83,12.7,[],[]
6.93,10.1,[],[]
7.0,12.8,[],[]
7.08,12.5,[],[]
7.16,12.6,[],[]
7.26,10.3,[],[]
7.34,12.2,[],[]
7.45,9.1,[],[]
7.53,12.5,[],[]
7.63,10.5,[],[]
7.72,10.3,[],[]
7.82,10.5,[],[]
7.9,11.8,[],[]
7.99,12.2,[],[]
8.06,13.5,[],[]
8.16,10.4,[],[]
8.25,10.4,[],[]
8.33,12.5,[],[]
8.44,8.9,[],[]
8.54,10.1,[],[]
8.62,13.0,[],[]
8.73,9.2,[],[]
8.81,12.1,[],[]
8.91,10.5,[],[]
9.01,10.2,[],[]
9.1,10.6,[],[]
9.18,12.3,[],[]
9.27,10.9,[],[]
9.34,14.8,[],[]
9.45,9.5,[],[]
9.55,9.7,[],[]
9.63,12.5,[],[]
9.72,10.4,[],[]
9.82,10.5,[],[]
9.92,10.5,[],[]
10.01,11.0,[],[]
10.08,14.2,[],[]
10.19,8.9,[],[]
10.28,10.4,[],[]
10.36,12.5,[],[]
10.46,10.4,[],[]
10.56,10.4,[],[]
10.64,12.5,[],[]
10.72,12.4,[],[]
10.82,9.5,[],[]
10.91,11.8,[],[]
11.01,9.9,[],[]
11.11,10.2,[],[]
11.18,13.4,[],[]
11.28,10.5,[],[]
11.37,10.5,[],[]
11.47,10.3,[],[]
11.55,12.3,[],[]
11.65,9.4,[],[]
11.72,14.3,[],[]
11.81,12.0,[],[]
11.9,10.8,[],[]
12.0,9.8,[],[]
12.09,11.2,[],[]
12.18,10.9,[],[]
12.25,14.7,[],[]
12.33,12.5,[],[]
12.41,12.5,[],[]
12.52,9.3,[],[]
12.59,14.5,[],[]
12.68,10.5,[],[]
12.76,12.3,[],[]
12.84,12.5,[],[]
12.97,7.9,[],[]
13.07,10.1,[],[]
13.17,10.0,[],[]
13.26,11.2,[],[]
13.34,12.6,[],[]
13.44,10.4,[],[]
13.53,10.5,[],[]
13.62,11.0,[],[]
13.69,14.2,[],[]
13.77,12.5,[],[]
13.87,10.4,[],[]
13.95,12.4,[],[]
14.03,12.6,[],[]
14.12,10.3,[],[]
14.22,10.5,[],[]
14.31,11.0,[],[]
14.4,11.8,[],[]
14.49,10.4,[],[]
14.59,10.4,[],[]
14.68,10.7,[],[]
14.78,10.2,[],[]
14.88,10.3,[],[]
14.97,10.3,[],[]
15.05,12.5,[],[]
15.16,8.9,[],[]
15.24,12.6,[],[]
15.34,10.4,[],[]
15.44,10.4,[],[]
15.52,12.6,[],[]
15.63,9.0,[],[]
15.72,10.5,[],[]
15.81,10.9,[],[]
15.9,11.8,[],[]
15.96,15.1,[],[]
16.04,12.6,[],[]
16.14,10.3,[],[]
16.24,10.5,[],[]
16.33,10.5,[],[]
16.41,11.9,[],[]
16.49,13.0,[],[]
16.59,10.5,[],[]
16.68,10.4,[],[]
16.78,10.2,[],[]
16.88,10.4,[],[]
16.96,12.5,[],[]
17.04,12.7,[],[]
17.15,8.8,[],[]
17.24,10.7,[],[]
17.33,10.8,[],[]
17.42,12.2,[],[]
17.52,10.0,[],[]
17.6,12.5,[],[]
17.69,10.5,[],[]
17.79,10.4,[],[]
17.88,10.4,[],[]
17.98,10.9,[],[]
18.08,9.7,[],[]
18.17,10.6,[],[]
18.26,10.9,[],[]
18.35,11.8,[],[]
18.44,10.5,[],[]
18.52,12.5,[],[]
18.62,10.5,[],[]
18.71,10.5,[],[]
18.81,10.3,[],[]
18.91,10.7,[],[]
19.0,10.1,[],[]
19.08,12.5,[],[]
19.16,12.5,[],[]
19.27,9.1,[],[]
19.37,10.3,[],[]
19.47,10.5,[],[]
19.56,10.2,[],[]
19.64,12.5,[],[]
19.74,10.4,[],[]
19.84,10.5,[],[]
19.93,10.6,[],[]
20.03,10.2,[],[]
20.12,10.9,[],[]
20.2,12.1,[],[]
20.3,10.4,[],[]
20.39,10.8,[],[]
20.46,14.5,[],[]
20.56,10.3,[],[]
20.64,12.4,[],[]
20.73,10.5,[],[]
20.83,10.5,[],[]
20.92,10.6,[],[]
21.02,10.3,[],[]
21.11,10.5,[],[]
21.21,10.2,[],[]
21.31,10.4,[],[]
21.4,10.7,[],[]
21.5,10.6,[],[]
21.58,11.9,[],[]
21.7,8.5,[],[]
21.8,9.4,[],[]
21.9,10.2,[],[]
22.0,10.6,[],[]
22.08,12.6,[],[]
22.17,10.5,[],[]
22.26,10.8,[],[]
22.35,11.8,[],[]
22.43,12.5,[],[]
22.52,10.4,[],[]
22.62,10.5,[],[]
22.72,10.3,[],[]
22.8,12.5,[],[]
22.89,10.4,[],[]
22.99,10.5,[],[]
23.07,12.3,[],[]
23.15,12.5,[],[]
23.26,8.9,[],[]
23.36,10.5,[],[]
23.45,10.3,[],[]
23.53,12.5,[],[]
23.63,10.5,[],[]
23.71,12.4,[],[]
23.82,8.8,[],[]
23.94,8.9,[],[]
24.03,10.8,[],[]
24.13,10.2,[],[]
24.2,12.7,[],[]
24.3,10.4,[],[]
24.39,10.6,[],[]
24.49,10.2,[],[]
24.58,11.2,[],[]
24.67,11.5,[],[]
24.75,12.0,[],[]
24.85,10.3,[],[]
24.93,11.8,[],[]
25.03,10.4,[],[]
25.12,11.1,[],[]
25.21,10.7,[],[]
25.3,11.4,[],[]
25.4,10.3,[],[]
25.48,11.7,[],[]
25.58,10.3,[],[]
25.66,12.6,[],[]
25.78,8.5,[],[]
25.86,11.6,[],[]
25.95,11.2,[],[]
26.04,11.8,[],[]
26.12,11.5,[],[]
26.2,12.6,[],[]
26.32,8.9,[],[]
26.41,10.4,[],[]
26.53,8.6,[],[]
26.62,11.0,[],[]
26.72,10.6,[],[]
26.84,8.3,[],[]
26.92,11.3,[],[]
27.03,9.5,[],[]
27.13,9.7,[],[]
27.25,8.5,[],[]
27.36,9.4,[],[]
27.45,10.4,[],[]
27.56,9.1,[],[]
27.67,9.3,[],[]
27.77,9.5,[],[]
27.88,9.2,[],[]
27.99,9.0,[],[]
28.11,8.9,[],[]
28.21,9.3,[],[]
28.32,9.3,[],[]
28.42,10.3,[],[]
28.53,9.1,[],[]
28.64,8.7,[],[]
28.75,9.3,[],[]
28.86,9.1,[],[]
28.98,8.5,[],[]
29.09,9.3,[],[]
29.2,8.8,[],[]
29.29,10.8,[],[]
29.4,9.0,[],[]
29.51,8.9,[],[]
29.63,8.9,[],[]
29.73,9.4,[],[]
29.84,9.0,[],[]
29.96,8.9,[],[]
30.06,9.3,[],[]
30.18,8.7,[],[]
30.29,9.1,[],[]
30.4,9.1,[],[]
30.51,9.1,[],[]
30.62,8.8,[],[]
30.74,8.8,[],[]
30.84,9.2,[],[]
30.95,9.1,[],[]
31.07,8.8,[],[]
31.17,9.3,[],[]
31.29,8.7,[],[]
31.4,9.5,[],[]
31.51,8.8,[],[]
31.62,9.0,[],[]
31.73,9.1,[],[]
31.84,8.8,[],[]
31.96,8.6,[],[]
32.13,6.0,[],[]
32.24,9.0,[],[]
32.35,9.3,[],[]
32.46,9.1,[],[]
32.55,10.5,[],[]
32.66,8.8,[],[]
32.77,9.5,[],[]
32.88,9.1,[],[]
32.98,10.3,[],[]
33.09,9.0,[],[]
33.2,9.1,[],[]
33.3,9.6,[],[]
33.42,8.4,[],[]
33.52,10.3,[],[]
33.63,9.1,[],[]
33.72,10.2,[],[]
33.82,10.5,[],[]
33.91,10.9,[],[]
34.01,10.8,[],[]
34.1,10.7,[],[]
34.19,10.7,[],[]
34.28,11.4,[],[]
34.38,9.9,[],[]
34.47,11.3,[],[]
34.56,11.2,[],[]
34.64,11.8,[],[]
34.73,11.4,[],[]
34.83,9.6,[],[]
34.93,10.7,[],[]
35.03,10.1,[],[]
35.12,10.3,[],[]
35.21,11.6,[],[]
35.31,9.9,[],[]
35.4,11.0,[],[]
35.5,10.4,[],[]
35.59,11.5,[],[]
35.69,9.9,[],[]
35.77,11.4,[],[]
35.88,9.8,[],[]
35.97,10.2,[],[]
36.06,11.1,[],[]
36.16,10.9,[],[]
36.24,11.3,[],[]
36.33,11.4,[],[]
36.43,10.1,[],[]
36.53,10.3,[],[]
36.62,10.9,[],[]
36.72,10.2,[],[]
36.81,10.5,[],[]
36.9,11.0,[],[]
37.0,10.3,[],[]
37.09,11.4,[],[]
37.18,11.4,[],[]
37.27,10.8,[],[]
37.36,10.9,[],[]
37.46,10.5,[],[]
37.55,10.5,[],[]
37.64,11.0,[],[]
37.74,10.2,[],[]
37.83,11.4,[],[]
37.92,11.2,[],[]
38.0,11.7,[],[]
38.09,11.1,[],[]
38.18,11.3,[],[]
38.29,9.6,[],[]
38.37,11.7,[],[]
38.46,11.6,[],[]
38.55,11.0,[],[]
38.65,10.3,[],[]
38.74,11.0,[],[]
38.83,10.6,[],[]
38.93,9.8,[],[]
39.02,11.0,[],[]
39.12,10.6,[],[]
39.21,10.8,[],[]
39.3,10.8,[],[]
39.4,10.7,[],[]
39.49,11.2,[],[]
39.58,10.6,[],[]
39.67,10.8,[],[]
39.76,11.6,[],[]
39.85,11.3,[],[]
39.94,11.2,[],[]
40.04,10.2,[],[]
40.13,10.3,[],[]
40.23,10.7,[],[]
40.32,10.7,[],[]
40.41,10.6,[],[]
40.51,10.4,[],[]
40.61,10.5,[],[]
40.7,10.3,[],[]
40.81,9.3,[],[]
40.9,10.8,[],[]
40.99,11.2,[],[]
41.09,10.4,[],[]
41.18,10.5,[],[]
41.28,10.6,[],[]
41.37,11.0,[],[]
41.46,11.3,[],[]
41.55,10.9,[],[]
41.64,11.3,[],[]
41.74,9.8,[],[]
41.84,10.2,[],[]
41.93,10.7,[],[]
42.02,10.8,[],[]
42.12,10.1,[],[]
42.21,11.7,[],[]
